id;identifier;name;email;phone_number;metatag
1;systemic;1080p;Domingo71@gmail.com;Account;Refined Practical paradigms
2;Car Liaison;Sleek Executive Personal;Marjolaine.Langosh@hotmail.com;upward-trending Product Borders;West silver
3;Avon global Drives;Central;Gwen_Cummerata@gmail.com;Pizza Practical;Ergonomic Streets
4;sky Credit multi-byte;Account;Lilly74@gmail.com;SAS Future;systematic Ergonomic Dynamic
5;Handmade hacking copying;innovative Arab fault-tolerant;Lysanne.Bartell67@hotmail.com;access Electronics;SSL static port
6;matrix;Games;Graham7@yahoo.com;Cambridgeshire Shilling;paradigm real-time
7;generation Lodge workforce;program modular virtual;Kacie48@hotmail.com;reboot Intelligent;hard compelling Salad
8;Unbranded one-to-one experiences;deliver payment Sausages;Armando_Jacobson@yahoo.com;Chips;array compress
9;panel Forint;Bedfordshire invoice;Payton_Hamill@yahoo.com;cultivate Wisconsin;backing Pakistan RSS
10;navigate;Rustic;Harmony63@gmail.com;Wooden hack;Delaware Facilitator
