id;firstname;surname;email;password
deposit Integrated well-modulated;Divide Buckinghamshire pixel;Clothing JSON Caribbean;Anjali_Rau@yahoo.com;users
Montserrat Producer Practical;Identity Branch;Station;Betty_Kovacek@gmail.com;program deposit District
synergies Home navigating;seamless;cross-platform Representative;Lelah.Douglas@hotmail.com;productize
Bedfordshire architecture;Loan;monetize;Kassandra68@hotmail.com;empower bus
Fantastic;Ergonomic mobile;networks model multi-byte;Giovani62@gmail.com;Bedfordshire
enhance Quality;partnerships withdrawal;copy digital Money;Carson73@gmail.com;Associate Music
Shirt white;Computer;global;Monty66@yahoo.com;Computer overriding Tugrik
Bedfordshire;Loan Loan purple;Avon;Jaydon78@yahoo.com;SQL Buckinghamshire Account
Producer Sleek;Radial overriding best-of-breed;XSS port;Crawford.Blanda88@hotmail.com;Manors
Dinar Villages wireless;invoice;Credit;Marta_Doyle@yahoo.com;Plain
